sweet_id,sweet_name,quantity_sold,month,year,branch,revenue,days
106,Badam Halwa,138,October,2023,Koramangala,15180,Friday
103,Ladoo,49,February,2022,Indiranagar,4508,Thursday
103,Ladoo,164,August,2024,Indiranagar,13776,Saturday
105,Jalebi,163,September,2022,Indiranagar,15485,Monday
104,Mysore Pak,123,March,2025,Jayanagar,10824,Saturday
106,Badam Halwa,258,February,2025,Malleshwaram,27864,Friday
102,Rasgulla,46,November,2021,Jayanagar,3910,Tuesday
102,Rasgulla,168,October,2020,Jayanagar,14112,Monday
103,Ladoo,221,March,2023,Malleshwaram,25415,Tuesday
104,Mysore Pak,253,October,2024,Malleshwaram,23276,Thursday
104,Mysore Pak,289,December,2023,Indiranagar,34102,Sunday
103,Ladoo,225,January,2021,Malleshwaram,25875,Monday
102,Rasgulla,146,March,2020,Malleshwaram,16936,Wednesday
103,Ladoo,245,August,2023,Indiranagar,25725,Saturday
105,Jalebi,40,April,2024,Malleshwaram,3320,Tuesday
104,Mysore Pak,144,January,2024,Malleshwaram,14112,Tuesday
101,Kaju Katli,73,January,2021,Jayanagar,6205,Sunday
105,Jalebi,300,February,2021,Koramangala,28200,Tuesday
103,Ladoo,226,March,2023,Jayanagar,18758,Thursday
105,Jalebi,138,October,2022,Indiranagar,15180,Monday
106,Badam Halwa,132,August,2021,Jayanagar,10692,Thursday
104,Mysore Pak,106,November,2023,Jayanagar,12508,Monday
103,Ladoo,236,November,2021,Jayanagar,21004,Tuesday
103,Ladoo,78,June,2021,Indiranagar,8658,Tuesday
102,Rasgulla,184,March,2022,Malleshwaram,19320,Wednesday
105,Jalebi,41,August,2021,Malleshwaram,3977,Monday
104,Mysore Pak,281,March,2023,Koramangala,29786,Sunday
101,Kaju Katli,21,December,2022,Indiranagar,2520,Saturday
104,Mysore Pak,262,December,2025,Koramangala,26724,Wednesday
104,Mysore Pak,79,July,2020,Malleshwaram,7426,Wednesday
104,Mysore Pak,110,October,2021,Jayanagar,13090,Thursday
106,Badam Halwa,113,September,2021,Jayanagar,9040,Friday
102,Rasgulla,282,December,2022,Koramangala,23124,Thursday
105,Jalebi,72,October,2025,Jayanagar,6480,Monday
103,Ladoo,211,February,2020,Jayanagar,20256,Sunday
103,Ladoo,296,August,2023,Koramangala,28120,Friday
103,Ladoo,273,June,2025,Indiranagar,31941,Thursday
104,Mysore Pak,111,September,2021,Jayanagar,9324,Tuesday
105,Jalebi,25,June,2022,Indiranagar,2650,Monday
103,Ladoo,184,June,2021,Jayanagar,19688,Thursday
105,Jalebi,195,September,2020,Indiranagar,20670,Sunday
101,Kaju Katli,260,June,2021,Koramangala,24180,Tuesday
104,Mysore Pak,251,September,2020,Koramangala,25602,Wednesday
106,Badam Halwa,288,August,2021,Jayanagar,32544,Thursday
103,Ladoo,260,September,2025,Jayanagar,27040,Saturday
105,Jalebi,114,October,2025,Indiranagar,9804,Saturday
102,Rasgulla,105,February,2021,Jayanagar,8505,Wednesday
102,Rasgulla,116,January,2024,Jayanagar,11716,Thursday
104,Mysore Pak,25,August,2020,Indiranagar,2750,Saturday
102,Rasgulla,297,December,2020,Indiranagar,31185,Wednesday
106,Badam Halwa,193,April,2020,Malleshwaram,22967,Friday
105,Jalebi,273,February,2023,Indiranagar,28392,Friday
104,Mysore Pak,75,January,2022,Malleshwaram,7875,Thursday
103,Ladoo,286,April,2023,Koramangala,32318,Thursday
103,Ladoo,204,September,2024,Malleshwaram,20604,Sunday
103,Ladoo,154,August,2021,Indiranagar,16940,Saturday
104,Mysore Pak,71,October,2023,Malleshwaram,6035,Monday
106,Badam Halwa,94,June,2025,Indiranagar,7520,Wednesday
103,Ladoo,237,October,2022,Indiranagar,27018,Wednesday
102,Rasgulla,83,August,2020,Jayanagar,8549,Thursday
103,Ladoo,204,January,2024,Malleshwaram,22644,Sunday
104,Mysore Pak,286,August,2020,Koramangala,25168,Thursday
102,Rasgulla,236,January,2020,Malleshwaram,19588,Wednesday
102,Rasgulla,185,November,2020,Indiranagar,19610,Wednesday
105,Jalebi,124,March,2021,Malleshwaram,13020,Wednesday
106,Badam Halwa,109,June,2022,Jayanagar,10137,Sunday
102,Rasgulla,188,February,2020,Koramangala,21996,Friday
104,Mysore Pak,240,December,2023,Malleshwaram,28560,Tuesday
102,Rasgulla,66,November,2024,Koramangala,6534,Monday
104,Mysore Pak,259,December,2021,Jayanagar,30562,Tuesday
103,Ladoo,185,December,2024,Indiranagar,14985,Tuesday
105,Jalebi,206,February,2021,Jayanagar,20394,Thursday
101,Kaju Katli,225,July,2021,Malleshwaram,22500,Sunday
101,Kaju Katli,181,June,2021,Jayanagar,19005,Wednesday
105,Jalebi,28,July,2020,Koramangala,2744,Sunday
101,Kaju Katli,35,February,2025,Indiranagar,3360,Monday
104,Mysore Pak,71,January,2020,Koramangala,7739,Monday
101,Kaju Katli,158,August,2023,Malleshwaram,16748,Friday
103,Ladoo,94,August,2020,Indiranagar,9964,Monday
101,Kaju Katli,117,July,2023,Malleshwaram,13689,Wednesday
106,Badam Halwa,277,December,2022,Jayanagar,22160,Friday
102,Rasgulla,183,November,2020,Malleshwaram,20496,Monday
101,Kaju Katli,132,March,2024,Koramangala,10692,Saturday
106,Badam Halwa,154,December,2021,Indiranagar,15708,Monday
103,Ladoo,97,September,2023,Malleshwaram,8924,Sunday
104,Mysore Pak,122,September,2021,Koramangala,14640,Sunday
106,Badam Halwa,179,November,2021,Malleshwaram,19869,Saturday
106,Badam Halwa,46,August,2022,Malleshwaram,3956,Monday
105,Jalebi,150,December,2022,Jayanagar,13650,Monday
104,Mysore Pak,234,August,2022,Malleshwaram,27612,Saturday
106,Badam Halwa,252,September,2024,Koramangala,26964,Wednesday
102,Rasgulla,197,July,2025,Malleshwaram,21079,Thursday
101,Kaju Katli,239,January,2025,Malleshwaram,24856,Wednesday
103,Ladoo,251,December,2020,Koramangala,29618,Saturday
101,Kaju Katli,242,July,2024,Malleshwaram,22748,Tuesday
105,Jalebi,291,March,2023,Malleshwaram,26190,Saturday
103,Ladoo,266,April,2024,Jayanagar,28728,Monday
106,Badam Halwa,131,January,2025,Malleshwaram,11266,Thursday
101,Kaju Katli,214,April,2024,Malleshwaram,19474,Sunday
104,Mysore Pak,188,June,2020,Jayanagar,18424,Friday
103,Ladoo,97,January,2025,Jayanagar,10088,Wednesday
105,Jalebi,62,March,2021,Koramangala,5146,Sunday
103,Ladoo,232,June,2021,Jayanagar,22504,Sunday
101,Kaju Katli,59,November,2022,Koramangala,5664,Tuesday
104,Mysore Pak,120,June,2021,Jayanagar,10560,Sunday
103,Ladoo,112,June,2024,Indiranagar,11312,Tuesday
102,Rasgulla,31,March,2021,Jayanagar,3720,Tuesday
104,Mysore Pak,188,August,2024,Malleshwaram,17108,Saturday
104,Mysore Pak,121,September,2022,Malleshwaram,11858,Wednesday
102,Rasgulla,158,March,2024,Malleshwaram,14536,Tuesday
102,Rasgulla,40,April,2022,Jayanagar,3480,Friday
106,Badam Halwa,222,November,2025,Jayanagar,25752,Friday
104,Mysore Pak,157,December,2021,Jayanagar,16642,Saturday
102,Rasgulla,41,January,2025,Malleshwaram,4838,Saturday
104,Mysore Pak,34,February,2022,Malleshwaram,3842,Tuesday
101,Kaju Katli,271,March,2020,Malleshwaram,24390,Friday
101,Kaju Katli,47,February,2023,Malleshwaram,5264,Saturday
101,Kaju Katli,45,February,2024,Malleshwaram,4725,Sunday
104,Mysore Pak,200,June,2020,Koramangala,19000,Sunday
102,Rasgulla,52,February,2024,Koramangala,6188,Tuesday
103,Ladoo,62,December,2025,Indiranagar,5208,Monday
103,Ladoo,49,October,2022,Malleshwaram,4165,Saturday
101,Kaju Katli,118,February,2024,Indiranagar,10620,Saturday
103,Ladoo,178,March,2023,Malleshwaram,14240,Tuesday
105,Jalebi,149,August,2025,Indiranagar,14453,Thursday
105,Jalebi,241,October,2021,Jayanagar,24582,Wednesday
106,Badam Halwa,200,August,2021,Malleshwaram,22400,Thursday
103,Ladoo,97,March,2022,Koramangala,10670,Saturday
106,Badam Halwa,89,March,2024,Jayanagar,10680,Friday
106,Badam Halwa,60,April,2023,Indiranagar,6000,Friday
103,Ladoo,155,June,2022,Indiranagar,13020,Wednesday
105,Jalebi,139,December,2025,Jayanagar,15846,Friday
106,Badam Halwa,120,July,2025,Malleshwaram,10680,Saturday
104,Mysore Pak,103,April,2025,Koramangala,10712,Monday
102,Rasgulla,242,March,2021,Indiranagar,19844,Tuesday
103,Ladoo,260,September,2022,Jayanagar,23400,Thursday
106,Badam Halwa,66,December,2023,Malleshwaram,7458,Saturday
104,Mysore Pak,175,April,2024,Koramangala,17850,Saturday
101,Kaju Katli,261,April,2021,Malleshwaram,25578,Monday
101,Kaju Katli,238,December,2025,Jayanagar,22372,Sunday
105,Jalebi,24,July,2022,Koramangala,2016,Tuesday
106,Badam Halwa,233,July,2023,Koramangala,19106,Wednesday
102,Rasgulla,231,July,2020,Jayanagar,23331,Wednesday
104,Mysore Pak,279,January,2020,Koramangala,28458,Saturday
104,Mysore Pak,235,March,2023,Malleshwaram,24675,Saturday
102,Rasgulla,26,June,2022,Jayanagar,2990,Tuesday
104,Mysore Pak,169,October,2021,Koramangala,20280,Saturday
104,Mysore Pak,21,August,2021,Indiranagar,2121,Sunday
101,Kaju Katli,219,September,2020,Indiranagar,18834,Sunday
104,Mysore Pak,175,June,2022,Malleshwaram,18200,Sunday
104,Mysore Pak,248,August,2023,Malleshwaram,22816,Friday
103,Ladoo,142,January,2025,Jayanagar,12212,Tuesday
102,Rasgulla,65,January,2022,Malleshwaram,7540,Saturday
104,Mysore Pak,237,September,2025,Koramangala,21330,Tuesday
101,Kaju Katli,22,August,2024,Jayanagar,2530,Thursday
101,Kaju Katli,114,December,2021,Koramangala,13338,Monday
101,Kaju Katli,198,December,2025,Indiranagar,18216,Monday
106,Badam Halwa,280,December,2022,Indiranagar,27160,Friday
106,Badam Halwa,61,August,2020,Jayanagar,6527,Friday
102,Rasgulla,101,November,2023,Koramangala,10403,Friday
105,Jalebi,144,March,2023,Indiranagar,14112,Thursday
102,Rasgulla,210,February,2021,Indiranagar,24360,Saturday
104,Mysore Pak,64,April,2022,Jayanagar,5248,Saturday
101,Kaju Katli,210,October,2023,Koramangala,19320,Wednesday
101,Kaju Katli,96,January,2020,Koramangala,10176,Sunday
104,Mysore Pak,258,March,2021,Malleshwaram,26316,Thursday
105,Jalebi,190,October,2023,Malleshwaram,17860,Friday
101,Kaju Katli,131,October,2022,Jayanagar,12969,Friday
103,Ladoo,190,February,2021,Indiranagar,20330,Saturday
102,Rasgulla,89,July,2021,Koramangala,7743,Tuesday
106,Badam Halwa,296,January,2020,Koramangala,32856,Tuesday
101,Kaju Katli,80,June,2021,Koramangala,9200,Tuesday
101,Kaju Katli,179,July,2025,Koramangala,17542,Friday
102,Rasgulla,127,October,2023,Malleshwaram,11557,Saturday
102,Rasgulla,270,March,2022,Jayanagar,21600,Saturday
103,Ladoo,238,September,2025,Malleshwaram,24038,Sunday
101,Kaju Katli,86,July,2024,Indiranagar,8944,Wednesday
101,Kaju Katli,270,January,2023,Jayanagar,30510,Saturday
104,Mysore Pak,246,April,2022,Koramangala,22386,Tuesday
103,Ladoo,241,October,2020,Koramangala,26510,Sunday
105,Jalebi,240,July,2023,Jayanagar,20160,Wednesday
103,Ladoo,49,October,2021,Malleshwaram,4459,Friday
101,Kaju Katli,68,November,2022,Indiranagar,5780,Sunday
103,Ladoo,100,December,2021,Jayanagar,9300,Sunday
102,Rasgulla,80,October,2023,Koramangala,6560,Wednesday
104,Mysore Pak,43,December,2022,Koramangala,3569,Friday
105,Jalebi,139,April,2023,Koramangala,12788,Sunday
102,Rasgulla,60,December,2024,Indiranagar,7020,Wednesday
103,Ladoo,95,August,2021,Malleshwaram,7790,Wednesday
105,Jalebi,83,April,2025,Malleshwaram,9130,Wednesday
102,Rasgulla,267,January,2023,Indiranagar,24564,Saturday
103,Ladoo,89,September,2022,Malleshwaram,7387,Thursday
104,Mysore Pak,101,September,2020,Koramangala,10908,Monday
106,Badam Halwa,184,April,2020,Koramangala,20976,Friday
102,Rasgulla,151,October,2022,Indiranagar,12835,Monday
101,Kaju Katli,115,June,2025,Indiranagar,10235,Wednesday
103,Ladoo,112,October,2022,Malleshwaram,11200,Saturday
101,Kaju Katli,212,June,2024,Koramangala,23108,Monday
103,Ladoo,181,February,2020,Jayanagar,19186,Tuesday
104,Mysore Pak,189,July,2025,Koramangala,19278,Tuesday
105,Jalebi,22,June,2021,Malleshwaram,2310,Monday
101,Kaju Katli,243,July,2020,Jayanagar,24786,Thursday
106,Badam Halwa,141,January,2020,Indiranagar,12972,Friday
105,Jalebi,265,September,2020,Jayanagar,21200,Thursday
106,Badam Halwa,139,October,2020,Koramangala,15707,Sunday
105,Jalebi,89,August,2020,Indiranagar,10057,Sunday
106,Badam Halwa,282,February,2024,Indiranagar,27918,Friday
101,Kaju Katli,157,February,2021,Koramangala,18055,Sunday
105,Jalebi,160,June,2022,Malleshwaram,13600,Tuesday
101,Kaju Katli,185,August,2023,Jayanagar,14800,Friday
101,Kaju Katli,238,October,2023,Jayanagar,25228,Friday
104,Mysore Pak,291,February,2021,Koramangala,30846,Friday
101,Kaju Katli,277,June,2022,Koramangala,31301,Tuesday
102,Rasgulla,165,August,2022,Malleshwaram,16005,Saturday
105,Jalebi,217,June,2021,Indiranagar,18879,Wednesday
101,Kaju Katli,21,January,2024,Malleshwaram,1785,Sunday
102,Rasgulla,97,September,2021,Indiranagar,8536,Sunday
104,Mysore Pak,73,April,2020,Koramangala,7081,Wednesday
106,Badam Halwa,207,March,2022,Indiranagar,16560,Saturday
105,Jalebi,139,August,2025,Koramangala,11537,Sunday
104,Mysore Pak,170,September,2023,Malleshwaram,15810,Thursday
105,Jalebi,241,June,2021,Malleshwaram,28438,Wednesday
106,Badam Halwa,75,April,2022,Jayanagar,7050,Friday
102,Rasgulla,167,June,2023,Jayanagar,19038,Sunday
106,Badam Halwa,163,January,2025,Malleshwaram,15159,Thursday
106,Badam Halwa,173,November,2022,Koramangala,14878,Sunday
104,Mysore Pak,40,September,2021,Malleshwaram,4280,Wednesday
103,Ladoo,174,September,2020,Koramangala,14268,Monday
105,Jalebi,203,March,2024,Koramangala,16646,Saturday
101,Kaju Katli,27,January,2021,Koramangala,2565,Saturday
106,Badam Halwa,195,September,2023,Koramangala,16965,Wednesday
106,Badam Halwa,212,November,2020,Jayanagar,24380,Saturday
104,Mysore Pak,46,March,2024,Indiranagar,4416,Monday
105,Jalebi,285,February,2025,Indiranagar,25080,Thursday
103,Ladoo,102,July,2021,Malleshwaram,9894,Wednesday
106,Badam Halwa,88,June,2024,Koramangala,8184,Wednesday
106,Badam Halwa,122,August,2023,Indiranagar,12444,Thursday
103,Ladoo,114,February,2024,Koramangala,9120,Tuesday
101,Kaju Katli,26,December,2021,Malleshwaram,2496,Wednesday
101,Kaju Katli,84,March,2020,Malleshwaram,9912,Monday
102,Rasgulla,222,January,2025,Koramangala,19092,Wednesday
106,Badam Halwa,233,January,2024,Indiranagar,22601,Friday
106,Badam Halwa,181,September,2025,Indiranagar,16471,Wednesday
106,Badam Halwa,132,July,2021,Malleshwaram,14916,Tuesday
103,Ladoo,147,April,2024,Koramangala,17640,Wednesday
102,Rasgulla,82,January,2023,Indiranagar,7380,Monday
101,Kaju Katli,185,August,2024,Koramangala,18500,Friday
105,Jalebi,34,March,2021,Malleshwaram,3298,Thursday
104,Mysore Pak,229,February,2020,Jayanagar,22213,Tuesday
104,Mysore Pak,36,April,2022,Koramangala,4284,Thursday
103,Ladoo,254,August,2025,Indiranagar,29718,Tuesday
104,Mysore Pak,216,July,2021,Jayanagar,25704,Sunday
106,Badam Halwa,178,April,2024,Indiranagar,21004,Sunday
105,Jalebi,259,August,2020,Jayanagar,24864,Saturday
102,Rasgulla,214,June,2021,Malleshwaram,24610,Sunday
105,Jalebi,65,February,2022,Malleshwaram,7020,Saturday
106,Badam Halwa,61,November,2024,Indiranagar,6344,Wednesday
103,Ladoo,113,November,2025,Jayanagar,13108,Friday
105,Jalebi,164,December,2023,Indiranagar,19024,Thursday
106,Badam Halwa,124,June,2021,Jayanagar,11904,Saturday
106,Badam Halwa,125,August,2021,Jayanagar,11625,Sunday
105,Jalebi,215,January,2020,Jayanagar,18705,Tuesday
103,Ladoo,290,September,2020,Koramangala,27260,Wednesday
102,Rasgulla,144,January,2023,Indiranagar,16272,Tuesday
105,Jalebi,209,March,2024,Koramangala,20900,Monday
103,Ladoo,279,February,2022,Koramangala,28458,Friday
106,Badam Halwa,205,February,2025,Malleshwaram,21320,Friday
103,Ladoo,67,November,2023,Koramangala,6901,Thursday
106,Badam Halwa,226,June,2020,Malleshwaram,19436,Monday
104,Mysore Pak,297,September,2022,Malleshwaram,34749,Saturday
105,Jalebi,288,March,2021,Koramangala,26784,Thursday
105,Jalebi,188,March,2020,Malleshwaram,20492,Tuesday
106,Badam Halwa,87,November,2021,Indiranagar,8613,Saturday
104,Mysore Pak,196,March,2021,Koramangala,15876,Sunday
106,Badam Halwa,49,June,2024,Jayanagar,4116,Saturday
102,Rasgulla,299,March,2024,Koramangala,26611,Wednesday
104,Mysore Pak,47,September,2024,Indiranagar,5123,Saturday
105,Jalebi,244,November,2020,Jayanagar,20496,Thursday
103,Ladoo,142,August,2025,Malleshwaram,16472,Tuesday
105,Jalebi,41,September,2024,Koramangala,4428,Monday
105,Jalebi,185,April,2021,Jayanagar,18500,Wednesday
103,Ladoo,177,August,2024,Jayanagar,14868,Monday
102,Rasgulla,37,July,2021,Malleshwaram,4292,Thursday
102,Rasgulla,166,June,2025,Koramangala,19920,Saturday
102,Rasgulla,233,March,2025,Malleshwaram,22135,Wednesday
103,Ladoo,238,December,2025,Jayanagar,22848,Friday
102,Rasgulla,200,February,2021,Malleshwaram,17200,Thursday
103,Ladoo,27,November,2022,Malleshwaram,2862,Sunday
105,Jalebi,271,June,2021,Indiranagar,28455,Saturday
102,Rasgulla,256,August,2023,Indiranagar,30208,Friday
104,Mysore Pak,257,February,2020,Malleshwaram,29041,Wednesday
105,Jalebi,84,February,2023,Malleshwaram,7056,Tuesday
105,Jalebi,132,December,2025,Koramangala,15708,Monday
104,Mysore Pak,293,December,2023,Indiranagar,23440,Monday
102,Rasgulla,112,March,2025,Malleshwaram,12096,Wednesday
101,Kaju Katli,208,February,2022,Indiranagar,22464,Monday
101,Kaju Katli,166,October,2022,Koramangala,16434,Saturday
106,Badam Halwa,187,November,2024,Indiranagar,20196,Thursday
104,Mysore Pak,299,July,2024,Jayanagar,30498,Friday
103,Ladoo,231,February,2025,Koramangala,24486,Saturday
110,Coconut Ladoo,25,July,2025,Indiranagar,3750,Tuesday
111,Fig Barfi,35,July,2025,Jayanagar,4550,Monday
112,Milk Cake,28,July,2025,Malleshwaram,3920,Friday
110,Coconut Ladoo,30,July,2025,Jayanagar,4500,Sunday
111,Fig Barfi,20,July,2025,Malleshwaram,2600,Wednesday
102,Rasgulla,144,January,2025,Indiranagar,16272,Thursday
102,Rasgulla,144,January,2025,Indiranagar,16272,Tuesday
102,Rasgulla,144,January,2025,Malleshwaram,16272,Wednesday
102,Rasgulla,144,January,2025,Indiranagar,16272,Tuesday